<?xml version="1.0" encoding="utf-8"?>
<BookHistory.Memento xmlns:i="http://www.w3.org/2001/XMLSchema-instance" xmlns="http://schemas.datacontract.org/2004/07/NeeView">
  <History>
    <Book.Memento>
      <BookMark>image208.jpg</BookMark>
      <BookReadOrder>RightToLeft</BookReadOrder>
      <IsRecursiveFolder>false</IsRecursiveFolder>
      <IsSupportedDividePage>false</IsSupportedDividePage>
      <IsSupportedSingleFirstPage>true</IsSupportedSingleFirstPage>
      <IsSupportedSingleLastPage>false</IsSupportedSingleLastPage>
      <IsSupportedWidePage>true</IsSupportedWidePage>
      <PageModeV2>WidePage</PageModeV2>
      <Place>Z:\600_Comics\南 勝久「ザ・ファブル」【未】\10</Place>
      <SortMode>FileName</SortMode>
      <LastAccessTime>2017-06-12T17:32:08.1583673+09:00</LastAccessTime>
    </Book.Memento>
  </History>
  <FolderOrders xmlns:d2p1="http://schemas.microsoft.com/2003/10/Serialization/Arrays" />
  <LastFolder>Z:\600_Comics\南 勝久「ザ・ファブル」【未】</LastFolder>
  <LimitSize>1</LimitSize>
  <LimitSpan>P1D</LimitSpan>
</BookHistory.Memento>