<?xml version="1.0" encoding="utf-8"?>
<Setting xmlns:i="http://www.w3.org/2001/XMLSchema-instance" xmlns="http://schemas.datacontract.org/2004/07/NeeView">
  <_Version>70144</_Version>
  <BookHubMemento>
    <BookMemento>
      <BookReadOrder>RightToLeft</BookReadOrder>
      <IsRecursiveFolder>false</IsRecursiveFolder>
      <IsSupportedDividePage>false</IsSupportedDividePage>
      <IsSupportedSingleFirstPage>true</IsSupportedSingleFirstPage>
      <IsSupportedSingleLastPage>false</IsSupportedSingleLastPage>
      <IsSupportedWidePage>true</IsSupportedWidePage>
      <PageModeV2>WidePage</PageModeV2>
      <SortMode>FileName</SortMode>
    </BookMemento>
    <IsEnableAnimatedGif>false</IsEnableAnimatedGif>
    <IsEnableHistory>false</IsEnableHistory>
    <IsEnableNoSupportFile>false</IsEnableNoSupportFile>
    <IsEnabledAutoNextFolder>true</IsEnabledAutoNextFolder>
    <IsSlideShowByLoop>true</IsSlideShowByLoop>
    <SlideShowInterval>5</SlideShowInterval>
    <IsEnableExif>false</IsEnableExif>
    <IsEnarbleCurrentDirectory>false</IsEnarbleCurrentDirectory>
    <ExternalApplication>
      <ArchiveOption>SendExtractFile</ArchiveOption>
      <Command i:nil="true" />
      <MultiPageOption>Once</MultiPageOption>
      <Parameter>"$File"</Parameter>
    </ExternalApplication>
    <IsSupportArchiveFile>true</IsSupportArchiveFile>
    <AllowPagePreLoad>true</AllowPagePreLoad>
    <BookMementoDefault>
      <BookReadOrder>RightToLeft</BookReadOrder>
      <IsRecursiveFolder>false</IsRecursiveFolder>
      <IsSupportedDividePage>false</IsSupportedDividePage>
      <IsSupportedSingleFirstPage>false</IsSupportedSingleFirstPage>
      <IsSupportedSingleLastPage>false</IsSupportedSingleLastPage>
      <IsSupportedWidePage>true</IsSupportedWidePage>
      <PageModeV2>SinglePage</PageModeV2>
      <SortMode>FileName</SortMode>
    </BookMementoDefault>
    <IsConfirmRecursive>false</IsConfirmRecursive>
    <IsRecoveryPageOnly>false</IsRecoveryPageOnly>
    <IsUseBookMementoDefault>false</IsUseBookMementoDefault>
    <IsCancelSlideByMouseMove>true</IsCancelSlideByMouseMove>
    <IsSevenZipAccessLocked>true</IsSevenZipAccessLocked>
    <ClipboardUtility>
      <ArchiveOption>SendExtractFile</ArchiveOption>
      <MultiPageOption>Once</MultiPageOption>
    </ClipboardUtility>
    <IsAutoRecursive>true</IsAutoRecursive>
  </BookHubMemento>
  <SusieMemento>
    <IsEnableSusie>false</IsEnableSusie>
    <IsFirstOrderSusieArchive>false</IsFirstOrderSusieArchive>
    <IsFirstOrderSusieImage>false</IsFirstOrderSusieImage>
    <SpiFiles xmlns:d3p1="http://schemas.microsoft.com/2003/10/Serialization/Arrays" />
    <SusiePluginPath></SusiePluginPath>
  </SusieMemento>
  <ViewMemento>
    <Background>Black</Background>
    <CommandShowMessageStyle>Normal</CommandShowMessageStyle>
    <GestureShowMessageStyle>Normal</GestureShowMessageStyle>
    <IsAngleSnap>false</IsAngleSnap>
    <IsControlCenterImage>false</IsControlCenterImage>
    <IsLimitMove>true</IsLimitMove>
    <IsViewStartPositionCenter>false</IsViewStartPositionCenter>
    <StretchMode>Uniform</StretchMode>
    <_Version>70144</_Version>
    <IsEnabledNearestNeighbor>false</IsEnabledNearestNeighbor>
    <IsDisableMultiBoot>true</IsDisableMultiBoot>
    <IsHideMenu>false</IsHideMenu>
    <IsKeepAngle>false</IsKeepAngle>
    <IsKeepScale>false</IsKeepScale>
    <IsLoadLastFolder>false</IsLoadLastFolder>
    <IsAutoPlaySlideShow>false</IsAutoPlaySlideShow>
    <IsFullScreen>false</IsFullScreen>
    <IsKeepFlip>false</IsKeepFlip>
    <IsSaveFullScreen>true</IsSaveFullScreen>
    <IsTopmost>false</IsTopmost>
    <NoticeShowMessageStyle>Normal</NoticeShowMessageStyle>
    <NowLoadingShowMessageStyle>Normal</NowLoadingShowMessageStyle>
    <FileInfoSetting>
      <Dock>Right</Dock>
      <IsUseExifDateTime>true</IsUseExifDateTime>
      <IsVisibleBitsPerPixel>false</IsVisibleBitsPerPixel>
      <IsVisibleLoader>false</IsVisibleLoader>
    </FileInfoSetting>
    <UserDownloadPath i:nil="true" />
    <FolderListSetting>
      <Dock>Left</Dock>
      <IsVisibleBookmarkMark>true</IsVisibleBookmarkMark>
      <IsVisibleHistoryMark>true</IsVisibleHistoryMark>
    </FolderListSetting>
    <PanelColor>Dark</PanelColor>
    <IsSaveWindowPlacement>true</IsSaveWindowPlacement>
    <LeftPanel>None</LeftPanel>
    <LeftPanelWidth>250</LeftPanelWidth>
    <RightPanel>FileInfo</RightPanel>
    <RightPanelWidth>250</RightPanelWidth>
    <WindowTitleFormat1>$Book ($Page/$PageMax) - $FullName</WindowTitleFormat1>
    <WindowTitleFormat2>$Book ($Page/$PageMax) - $FullNameL | $NameR</WindowTitleFormat2>
    <ContextMenuSetting>
      <IsEnabled>false</IsEnabled>
      <IsOpenByCtrl>false</IsOpenByCtrl>
      <IsOpenByGesture>false</IsOpenByGesture>
      <MouseGesture>D</MouseGesture>
      <_sourceTree i:nil="true" />
    </ContextMenuSetting>
    <IsEnableThumbnailList>true</IsEnableThumbnailList>
    <IsHidePanel>true</IsHidePanel>
    <IsHidePanelInFullscreen>true</IsHidePanelInFullscreen>
    <IsHideThumbnailList>true</IsHideThumbnailList>
    <IsSliderLinkedThumbnailList>true</IsSliderLinkedThumbnailList>
    <IsVisibleAddressBar>false</IsVisibleAddressBar>
    <IsVisibleThumbnailNumber>true</IsVisibleThumbnailNumber>
    <IsVisibleTitleBar>true</IsVisibleTitleBar>
    <ThumbnailSize>96</ThumbnailSize>
    <IsAutoGC>true</IsAutoGC>
    <IsVisibleThumbnailPlate>true</IsVisibleThumbnailPlate>
    <ThumbnailMemorySize>128</ThumbnailMemorySize>
    <BannerMemorySize>8</BannerMemorySize>
    <BannerSize>256</BannerSize>
    <FolderListGridRow0>*</FolderListGridRow0>
    <FolderListGridRow2>0</FolderListGridRow2>
    <FolderListItemStyle>Normal</FolderListItemStyle>
    <IsOriginalScaleShowMessage>false</IsOriginalScaleShowMessage>
    <IsVisiblePageList>false</IsVisiblePageList>
    <ViewTransformShowMessageStyle>None</ViewTransformShowMessageStyle>
    <ContentsSpace>-1</ContentsSpace>
    <LongButtonDownTick>1</LongButtonDownTick>
    <LongLeftButtonDownMode>Loupe</LongLeftButtonDownMode>
    <SliderDirection>SyncBookReadDirection</SliderDirection>
    <IsHidePageSlider>false</IsHidePageSlider>
    <IsAutoRotate>false</IsAutoRotate>
  </ViewMemento>
  <WindowPlacement>
    <WindowPlacement>
      <flags>2</flags>
      <length>44</length>
      <maxPosition>
        <X>-1</X>
        <Y>-1</Y>
      </maxPosition>
      <minPosition>
        <X>-1</X>
        <Y>-1</Y>
      </minPosition>
      <normalPosition>
        <Bottom>994</Bottom>
        <Left>178</Left>
        <Right>1458</Right>
        <Top>34</Top>
      </normalPosition>
      <showCmd>SHOWMAXIMIZED</showCmd>
    </WindowPlacement>
    <WindowRect xmlns:d3p1="http://schemas.datacontract.org/2004/07/System.Windows">
      <d3p1:_height>768</d3p1:_height>
      <d3p1:_width>1024</d3p1:_width>
      <d3p1:_x>142.4</d3p1:_x>
      <d3p1:_y>27.200000000000003</d3p1:_y>
    </WindowRect>
  </WindowPlacement>
  <ExporterMemento>
    <ExportFolder i:nil="true" />
    <IsEnableExportFolder>false</IsEnableExportFolder>
    <IsHintCloneDefault>true</IsHintCloneDefault>
    <QualityLevel>80</QualityLevel>
  </ExporterMemento>
  <PreferenceMemento>
    <Items xmlns:d3p1="http://schemas.microsoft.com/2003/10/Serialization/Arrays">
      <d3p1:KeyValueOfstringstring>
        <d3p1:Key>.configure.enabled</d3p1:Key>
        <d3p1:Value>False</d3p1:Value>
      </d3p1:KeyValueOfstringstring>
    </Items>
  </PreferenceMemento>
  <ImageEffectMemento xmlns:d2p1="http://schemas.datacontract.org/2004/07/NeeView.Effects">
    <d2p1:EffectType>None</d2p1:EffectType>
    <d2p1:Effects xmlns:d3p1="http://schemas.microsoft.com/2003/10/Serialization/Arrays">
      <d3p1:KeyValueOfEffectTypestring_SaPp9Eom>
        <d3p1:Key>Level</d3p1:Key>
        <d3p1:Value>{"Black":0,"Center":0.5,"Maximum":1,"Minimum":0,"White":1}</d3p1:Value>
      </d3p1:KeyValueOfEffectTypestring_SaPp9Eom>
      <d3p1:KeyValueOfEffectTypestring_SaPp9Eom>
        <d3p1:Key>Hsv</d3p1:Key>
        <d3p1:Value>{"Hue":0,"Saturation":0,"Value":0}</d3p1:Value>
      </d3p1:KeyValueOfEffectTypestring_SaPp9Eom>
      <d3p1:KeyValueOfEffectTypestring_SaPp9Eom>
        <d3p1:Key>ColorSelect</d3p1:Key>
        <d3p1:Value>{"Curve":1,"Hue":0,"Range":0.1}</d3p1:Value>
      </d3p1:KeyValueOfEffectTypestring_SaPp9Eom>
      <d3p1:KeyValueOfEffectTypestring_SaPp9Eom>
        <d3p1:Key>Blur</d3p1:Key>
        <d3p1:Value>{"Radius":5}</d3p1:Value>
      </d3p1:KeyValueOfEffectTypestring_SaPp9Eom>
      <d3p1:KeyValueOfEffectTypestring_SaPp9Eom>
        <d3p1:Key>Bloom</d3p1:Key>
        <d3p1:Value>{"BaseIntensity":1,"BaseSaturation":1,"BloomIntensity":1.25,"BloomSaturation":1,"Threshold":0.25}</d3p1:Value>
      </d3p1:KeyValueOfEffectTypestring_SaPp9Eom>
      <d3p1:KeyValueOfEffectTypestring_SaPp9Eom>
        <d3p1:Key>Monochrome</d3p1:Key>
        <d3p1:Value>{"ColorCode":"#FFFFFFFF"}</d3p1:Value>
      </d3p1:KeyValueOfEffectTypestring_SaPp9Eom>
      <d3p1:KeyValueOfEffectTypestring_SaPp9Eom>
        <d3p1:Key>ColorTone</d3p1:Key>
        <d3p1:Value>{"DarkColorCode":"#FF338000","Desaturation":0.5,"LightColorCode":"#FFFFE580","ToneAmount":0.5}</d3p1:Value>
      </d3p1:KeyValueOfEffectTypestring_SaPp9Eom>
      <d3p1:KeyValueOfEffectTypestring_SaPp9Eom>
        <d3p1:Key>Sharpen</d3p1:Key>
        <d3p1:Value>{"Amount":2,"Height":0.5}</d3p1:Value>
      </d3p1:KeyValueOfEffectTypestring_SaPp9Eom>
      <d3p1:KeyValueOfEffectTypestring_SaPp9Eom>
        <d3p1:Key>Embossed</d3p1:Key>
        <d3p1:Value>{"Amount":3,"ColorCode":"#FF808080","Height":1}</d3p1:Value>
      </d3p1:KeyValueOfEffectTypestring_SaPp9Eom>
      <d3p1:KeyValueOfEffectTypestring_SaPp9Eom>
        <d3p1:Key>Pixelate</d3p1:Key>
        <d3p1:Value>{"Pixelation":0.75}</d3p1:Value>
      </d3p1:KeyValueOfEffectTypestring_SaPp9Eom>
      <d3p1:KeyValueOfEffectTypestring_SaPp9Eom>
        <d3p1:Key>Magnify</d3p1:Key>
        <d3p1:Value>{"Amount":0.5,"Center":{"_x":0.5,"_y":0.5},"InnerRadius":0.2,"OuterRadius":0.4}</d3p1:Value>
      </d3p1:KeyValueOfEffectTypestring_SaPp9Eom>
      <d3p1:KeyValueOfEffectTypestring_SaPp9Eom>
        <d3p1:Key>Ripple</d3p1:Key>
        <d3p1:Value>{"Center":{"_x":0.5,"_y":0.5},"Frequency":40,"Magnitude":0.1,"Phase":10}</d3p1:Value>
      </d3p1:KeyValueOfEffectTypestring_SaPp9Eom>
      <d3p1:KeyValueOfEffectTypestring_SaPp9Eom>
        <d3p1:Key>Swirl</d3p1:Key>
        <d3p1:Value>{"Center":{"_x":0.5,"_y":0.5},"TwistAmount":10}</d3p1:Value>
      </d3p1:KeyValueOfEffectTypestring_SaPp9Eom>
    </d2p1:Effects>
    <d2p1:IsHsvMode>false</d2p1:IsHsvMode>
    <d2p1:IsRecoveryEffectType>false</d2p1:IsRecoveryEffectType>
  </ImageEffectMemento>
  <CommandMememto>
    <Elements xmlns:d3p1="http://schemas.microsoft.com/2003/10/Serialization/Arrays">
      <d3p1:KeyValueOfCommandTypeCommandElement.MementoBBTSy8c6>
        <d3p1:Key>LoadAs</d3p1:Key>
        <d3p1:Value>
          <ShortCutKey>Ctrl+O</ShortCutKey>
        </d3p1:Value>
      </d3p1:KeyValueOfCommandTypeCommandElement.MementoBBTSy8c6>
      <d3p1:KeyValueOfCommandTypeCommandElement.MementoBBTSy8c6>
        <d3p1:Key>ReLoad</d3p1:Key>
        <d3p1:Value>
          <MouseGesture>UD</MouseGesture>
        </d3p1:Value>
      </d3p1:KeyValueOfCommandTypeCommandElement.MementoBBTSy8c6>
      <d3p1:KeyValueOfCommandTypeCommandElement.MementoBBTSy8c6>
        <d3p1:Key>OpenApplication</d3p1:Key>
        <d3p1:Value />
      </d3p1:KeyValueOfCommandTypeCommandElement.MementoBBTSy8c6>
      <d3p1:KeyValueOfCommandTypeCommandElement.MementoBBTSy8c6>
        <d3p1:Key>OpenFilePlace</d3p1:Key>
        <d3p1:Value />
      </d3p1:KeyValueOfCommandTypeCommandElement.MementoBBTSy8c6>
      <d3p1:KeyValueOfCommandTypeCommandElement.MementoBBTSy8c6>
        <d3p1:Key>Export</d3p1:Key>
        <d3p1:Value>
          <ShortCutKey>Ctrl+S</ShortCutKey>
        </d3p1:Value>
      </d3p1:KeyValueOfCommandTypeCommandElement.MementoBBTSy8c6>
      <d3p1:KeyValueOfCommandTypeCommandElement.MementoBBTSy8c6>
        <d3p1:Key>DeleteFile</d3p1:Key>
        <d3p1:Value>
          <ShortCutKey>Delete</ShortCutKey>
        </d3p1:Value>
      </d3p1:KeyValueOfCommandTypeCommandElement.MementoBBTSy8c6>
      <d3p1:KeyValueOfCommandTypeCommandElement.MementoBBTSy8c6>
        <d3p1:Key>CopyFile</d3p1:Key>
        <d3p1:Value>
          <IsShowMessage>true</IsShowMessage>
          <ShortCutKey>Ctrl+C</ShortCutKey>
        </d3p1:Value>
      </d3p1:KeyValueOfCommandTypeCommandElement.MementoBBTSy8c6>
      <d3p1:KeyValueOfCommandTypeCommandElement.MementoBBTSy8c6>
        <d3p1:Key>CopyImage</d3p1:Key>
        <d3p1:Value>
          <IsShowMessage>true</IsShowMessage>
          <ShortCutKey>Ctrl+Shift+C</ShortCutKey>
        </d3p1:Value>
      </d3p1:KeyValueOfCommandTypeCommandElement.MementoBBTSy8c6>
      <d3p1:KeyValueOfCommandTypeCommandElement.MementoBBTSy8c6>
        <d3p1:Key>Paste</d3p1:Key>
        <d3p1:Value>
          <ShortCutKey>Ctrl+V</ShortCutKey>
        </d3p1:Value>
      </d3p1:KeyValueOfCommandTypeCommandElement.MementoBBTSy8c6>
      <d3p1:KeyValueOfCommandTypeCommandElement.MementoBBTSy8c6>
        <d3p1:Key>ClearHistory</d3p1:Key>
        <d3p1:Value>
          <IsShowMessage>true</IsShowMessage>
        </d3p1:Value>
      </d3p1:KeyValueOfCommandTypeCommandElement.MementoBBTSy8c6>
      <d3p1:KeyValueOfCommandTypeCommandElement.MementoBBTSy8c6>
        <d3p1:Key>ToggleStretchMode</d3p1:Key>
        <d3p1:Value>
          <IsShowMessage>true</IsShowMessage>
          <ShortCutKey>LeftButton+WheelDown</ShortCutKey>
        </d3p1:Value>
      </d3p1:KeyValueOfCommandTypeCommandElement.MementoBBTSy8c6>
      <d3p1:KeyValueOfCommandTypeCommandElement.MementoBBTSy8c6>
        <d3p1:Key>ToggleStretchModeReverse</d3p1:Key>
        <d3p1:Value>
          <IsShowMessage>true</IsShowMessage>
          <ShortCutKey>LeftButton+WheelUp</ShortCutKey>
        </d3p1:Value>
      </d3p1:KeyValueOfCommandTypeCommandElement.MementoBBTSy8c6>
      <d3p1:KeyValueOfCommandTypeCommandElement.MementoBBTSy8c6>
        <d3p1:Key>SetStretchModeNone</d3p1:Key>
        <d3p1:Value>
          <IsShowMessage>true</IsShowMessage>
        </d3p1:Value>
      </d3p1:KeyValueOfCommandTypeCommandElement.MementoBBTSy8c6>
      <d3p1:KeyValueOfCommandTypeCommandElement.MementoBBTSy8c6>
        <d3p1:Key>SetStretchModeInside</d3p1:Key>
        <d3p1:Value>
          <IsShowMessage>true</IsShowMessage>
        </d3p1:Value>
      </d3p1:KeyValueOfCommandTypeCommandElement.MementoBBTSy8c6>
      <d3p1:KeyValueOfCommandTypeCommandElement.MementoBBTSy8c6>
        <d3p1:Key>SetStretchModeOutside</d3p1:Key>
        <d3p1:Value>
          <IsShowMessage>true</IsShowMessage>
        </d3p1:Value>
      </d3p1:KeyValueOfCommandTypeCommandElement.MementoBBTSy8c6>
      <d3p1:KeyValueOfCommandTypeCommandElement.MementoBBTSy8c6>
        <d3p1:Key>SetStretchModeUniform</d3p1:Key>
        <d3p1:Value>
          <IsShowMessage>true</IsShowMessage>
        </d3p1:Value>
      </d3p1:KeyValueOfCommandTypeCommandElement.MementoBBTSy8c6>
      <d3p1:KeyValueOfCommandTypeCommandElement.MementoBBTSy8c6>
        <d3p1:Key>SetStretchModeUniformToFill</d3p1:Key>
        <d3p1:Value>
          <IsShowMessage>true</IsShowMessage>
        </d3p1:Value>
      </d3p1:KeyValueOfCommandTypeCommandElement.MementoBBTSy8c6>
      <d3p1:KeyValueOfCommandTypeCommandElement.MementoBBTSy8c6>
        <d3p1:Key>SetStretchModeUniformToSize</d3p1:Key>
        <d3p1:Value>
          <IsShowMessage>true</IsShowMessage>
        </d3p1:Value>
      </d3p1:KeyValueOfCommandTypeCommandElement.MementoBBTSy8c6>
      <d3p1:KeyValueOfCommandTypeCommandElement.MementoBBTSy8c6>
        <d3p1:Key>SetStretchModeUniformToVertical</d3p1:Key>
        <d3p1:Value>
          <IsShowMessage>true</IsShowMessage>
        </d3p1:Value>
      </d3p1:KeyValueOfCommandTypeCommandElement.MementoBBTSy8c6>
      <d3p1:KeyValueOfCommandTypeCommandElement.MementoBBTSy8c6>
        <d3p1:Key>ToggleIsEnabledNearestNeighbor</d3p1:Key>
        <d3p1:Value>
          <IsShowMessage>true</IsShowMessage>
        </d3p1:Value>
      </d3p1:KeyValueOfCommandTypeCommandElement.MementoBBTSy8c6>
      <d3p1:KeyValueOfCommandTypeCommandElement.MementoBBTSy8c6>
        <d3p1:Key>ToggleBackground</d3p1:Key>
        <d3p1:Value>
          <IsShowMessage>true</IsShowMessage>
        </d3p1:Value>
      </d3p1:KeyValueOfCommandTypeCommandElement.MementoBBTSy8c6>
      <d3p1:KeyValueOfCommandTypeCommandElement.MementoBBTSy8c6>
        <d3p1:Key>SetBackgroundBlack</d3p1:Key>
        <d3p1:Value>
          <IsShowMessage>true</IsShowMessage>
        </d3p1:Value>
      </d3p1:KeyValueOfCommandTypeCommandElement.MementoBBTSy8c6>
      <d3p1:KeyValueOfCommandTypeCommandElement.MementoBBTSy8c6>
        <d3p1:Key>SetBackgroundWhite</d3p1:Key>
        <d3p1:Value>
          <IsShowMessage>true</IsShowMessage>
        </d3p1:Value>
      </d3p1:KeyValueOfCommandTypeCommandElement.MementoBBTSy8c6>
      <d3p1:KeyValueOfCommandTypeCommandElement.MementoBBTSy8c6>
        <d3p1:Key>SetBackgroundAuto</d3p1:Key>
        <d3p1:Value>
          <IsShowMessage>true</IsShowMessage>
        </d3p1:Value>
      </d3p1:KeyValueOfCommandTypeCommandElement.MementoBBTSy8c6>
      <d3p1:KeyValueOfCommandTypeCommandElement.MementoBBTSy8c6>
        <d3p1:Key>SetBackgroundCheck</d3p1:Key>
        <d3p1:Value>
          <IsShowMessage>true</IsShowMessage>
        </d3p1:Value>
      </d3p1:KeyValueOfCommandTypeCommandElement.MementoBBTSy8c6>
      <d3p1:KeyValueOfCommandTypeCommandElement.MementoBBTSy8c6>
        <d3p1:Key>ToggleTopmost</d3p1:Key>
        <d3p1:Value>
          <IsShowMessage>true</IsShowMessage>
        </d3p1:Value>
      </d3p1:KeyValueOfCommandTypeCommandElement.MementoBBTSy8c6>
      <d3p1:KeyValueOfCommandTypeCommandElement.MementoBBTSy8c6>
        <d3p1:Key>ToggleHideMenu</d3p1:Key>
        <d3p1:Value />
      </d3p1:KeyValueOfCommandTypeCommandElement.MementoBBTSy8c6>
      <d3p1:KeyValueOfCommandTypeCommandElement.MementoBBTSy8c6>
        <d3p1:Key>ToggleHidePageSlider</d3p1:Key>
        <d3p1:Value />
      </d3p1:KeyValueOfCommandTypeCommandElement.MementoBBTSy8c6>
      <d3p1:KeyValueOfCommandTypeCommandElement.MementoBBTSy8c6>
        <d3p1:Key>ToggleHidePanel</d3p1:Key>
        <d3p1:Value />
      </d3p1:KeyValueOfCommandTypeCommandElement.MementoBBTSy8c6>
      <d3p1:KeyValueOfCommandTypeCommandElement.MementoBBTSy8c6>
        <d3p1:Key>ToggleVisibleTitleBar</d3p1:Key>
        <d3p1:Value />
      </d3p1:KeyValueOfCommandTypeCommandElement.MementoBBTSy8c6>
      <d3p1:KeyValueOfCommandTypeCommandElement.MementoBBTSy8c6>
        <d3p1:Key>ToggleVisibleAddressBar</d3p1:Key>
        <d3p1:Value />
      </d3p1:KeyValueOfCommandTypeCommandElement.MementoBBTSy8c6>
      <d3p1:KeyValueOfCommandTypeCommandElement.MementoBBTSy8c6>
        <d3p1:Key>ToggleVisibleFileInfo</d3p1:Key>
        <d3p1:Value>
          <ShortCutKey>I</ShortCutKey>
        </d3p1:Value>
      </d3p1:KeyValueOfCommandTypeCommandElement.MementoBBTSy8c6>
      <d3p1:KeyValueOfCommandTypeCommandElement.MementoBBTSy8c6>
        <d3p1:Key>ToggleVisibleEffectInfo</d3p1:Key>
        <d3p1:Value>
          <ShortCutKey>E</ShortCutKey>
        </d3p1:Value>
      </d3p1:KeyValueOfCommandTypeCommandElement.MementoBBTSy8c6>
      <d3p1:KeyValueOfCommandTypeCommandElement.MementoBBTSy8c6>
        <d3p1:Key>ToggleVisibleFolderList</d3p1:Key>
        <d3p1:Value>
          <ShortCutKey>F</ShortCutKey>
        </d3p1:Value>
      </d3p1:KeyValueOfCommandTypeCommandElement.MementoBBTSy8c6>
      <d3p1:KeyValueOfCommandTypeCommandElement.MementoBBTSy8c6>
        <d3p1:Key>ToggleVisibleBookmarkList</d3p1:Key>
        <d3p1:Value>
          <ShortCutKey>B</ShortCutKey>
        </d3p1:Value>
      </d3p1:KeyValueOfCommandTypeCommandElement.MementoBBTSy8c6>
      <d3p1:KeyValueOfCommandTypeCommandElement.MementoBBTSy8c6>
        <d3p1:Key>ToggleVisiblePagemarkList</d3p1:Key>
        <d3p1:Value>
          <ShortCutKey>M</ShortCutKey>
        </d3p1:Value>
      </d3p1:KeyValueOfCommandTypeCommandElement.MementoBBTSy8c6>
      <d3p1:KeyValueOfCommandTypeCommandElement.MementoBBTSy8c6>
        <d3p1:Key>ToggleVisibleHistoryList</d3p1:Key>
        <d3p1:Value>
          <ShortCutKey>H</ShortCutKey>
        </d3p1:Value>
      </d3p1:KeyValueOfCommandTypeCommandElement.MementoBBTSy8c6>
      <d3p1:KeyValueOfCommandTypeCommandElement.MementoBBTSy8c6>
        <d3p1:Key>ToggleVisiblePageList</d3p1:Key>
        <d3p1:Value>
          <ShortCutKey>P</ShortCutKey>
        </d3p1:Value>
      </d3p1:KeyValueOfCommandTypeCommandElement.MementoBBTSy8c6>
      <d3p1:KeyValueOfCommandTypeCommandElement.MementoBBTSy8c6>
        <d3p1:Key>ToggleVisibleThumbnailList</d3p1:Key>
        <d3p1:Value />
      </d3p1:KeyValueOfCommandTypeCommandElement.MementoBBTSy8c6>
      <d3p1:KeyValueOfCommandTypeCommandElement.MementoBBTSy8c6>
        <d3p1:Key>ToggleHideThumbnailList</d3p1:Key>
        <d3p1:Value />
      </d3p1:KeyValueOfCommandTypeCommandElement.MementoBBTSy8c6>
      <d3p1:KeyValueOfCommandTypeCommandElement.MementoBBTSy8c6>
        <d3p1:Key>ToggleFullScreen</d3p1:Key>
        <d3p1:Value>
          <MouseGesture>U</MouseGesture>
          <ShortCutKey>F11</ShortCutKey>
        </d3p1:Value>
      </d3p1:KeyValueOfCommandTypeCommandElement.MementoBBTSy8c6>
      <d3p1:KeyValueOfCommandTypeCommandElement.MementoBBTSy8c6>
        <d3p1:Key>SetFullScreen</d3p1:Key>
        <d3p1:Value />
      </d3p1:KeyValueOfCommandTypeCommandElement.MementoBBTSy8c6>
      <d3p1:KeyValueOfCommandTypeCommandElement.MementoBBTSy8c6>
        <d3p1:Key>CancelFullScreen</d3p1:Key>
        <d3p1:Value>
          <ShortCutKey>Escape</ShortCutKey>
        </d3p1:Value>
      </d3p1:KeyValueOfCommandTypeCommandElement.MementoBBTSy8c6>
      <d3p1:KeyValueOfCommandTypeCommandElement.MementoBBTSy8c6>
        <d3p1:Key>ToggleSlideShow</d3p1:Key>
        <d3p1:Value>
          <IsShowMessage>true</IsShowMessage>
          <ShortCutKey>F5</ShortCutKey>
        </d3p1:Value>
      </d3p1:KeyValueOfCommandTypeCommandElement.MementoBBTSy8c6>
      <d3p1:KeyValueOfCommandTypeCommandElement.MementoBBTSy8c6>
        <d3p1:Key>ViewScrollUp</d3p1:Key>
        <d3p1:Value>
          <ShortCutKey>WheelUp</ShortCutKey>
        </d3p1:Value>
      </d3p1:KeyValueOfCommandTypeCommandElement.MementoBBTSy8c6>
      <d3p1:KeyValueOfCommandTypeCommandElement.MementoBBTSy8c6>
        <d3p1:Key>ViewScrollDown</d3p1:Key>
        <d3p1:Value>
          <ShortCutKey>WheelDown</ShortCutKey>
        </d3p1:Value>
      </d3p1:KeyValueOfCommandTypeCommandElement.MementoBBTSy8c6>
      <d3p1:KeyValueOfCommandTypeCommandElement.MementoBBTSy8c6>
        <d3p1:Key>ViewScaleUp</d3p1:Key>
        <d3p1:Value>
          <ShortCutKey>RightButton+WheelUp</ShortCutKey>
        </d3p1:Value>
      </d3p1:KeyValueOfCommandTypeCommandElement.MementoBBTSy8c6>
      <d3p1:KeyValueOfCommandTypeCommandElement.MementoBBTSy8c6>
        <d3p1:Key>ViewScaleDown</d3p1:Key>
        <d3p1:Value>
          <ShortCutKey>RightButton+WheelDown</ShortCutKey>
        </d3p1:Value>
      </d3p1:KeyValueOfCommandTypeCommandElement.MementoBBTSy8c6>
      <d3p1:KeyValueOfCommandTypeCommandElement.MementoBBTSy8c6>
        <d3p1:Key>ViewRotateLeft</d3p1:Key>
        <d3p1:Value />
      </d3p1:KeyValueOfCommandTypeCommandElement.MementoBBTSy8c6>
      <d3p1:KeyValueOfCommandTypeCommandElement.MementoBBTSy8c6>
        <d3p1:Key>ViewRotateRight</d3p1:Key>
        <d3p1:Value />
      </d3p1:KeyValueOfCommandTypeCommandElement.MementoBBTSy8c6>
      <d3p1:KeyValueOfCommandTypeCommandElement.MementoBBTSy8c6>
        <d3p1:Key>ToggleIsAutoRotate</d3p1:Key>
        <d3p1:Value>
          <IsShowMessage>true</IsShowMessage>
        </d3p1:Value>
      </d3p1:KeyValueOfCommandTypeCommandElement.MementoBBTSy8c6>
      <d3p1:KeyValueOfCommandTypeCommandElement.MementoBBTSy8c6>
        <d3p1:Key>ToggleViewFlipHorizontal</d3p1:Key>
        <d3p1:Value />
      </d3p1:KeyValueOfCommandTypeCommandElement.MementoBBTSy8c6>
      <d3p1:KeyValueOfCommandTypeCommandElement.MementoBBTSy8c6>
        <d3p1:Key>ViewFlipHorizontalOn</d3p1:Key>
        <d3p1:Value />
      </d3p1:KeyValueOfCommandTypeCommandElement.MementoBBTSy8c6>
      <d3p1:KeyValueOfCommandTypeCommandElement.MementoBBTSy8c6>
        <d3p1:Key>ViewFlipHorizontalOff</d3p1:Key>
        <d3p1:Value />
      </d3p1:KeyValueOfCommandTypeCommandElement.MementoBBTSy8c6>
      <d3p1:KeyValueOfCommandTypeCommandElement.MementoBBTSy8c6>
        <d3p1:Key>ToggleViewFlipVertical</d3p1:Key>
        <d3p1:Value />
      </d3p1:KeyValueOfCommandTypeCommandElement.MementoBBTSy8c6>
      <d3p1:KeyValueOfCommandTypeCommandElement.MementoBBTSy8c6>
        <d3p1:Key>ViewFlipVerticalOn</d3p1:Key>
        <d3p1:Value />
      </d3p1:KeyValueOfCommandTypeCommandElement.MementoBBTSy8c6>
      <d3p1:KeyValueOfCommandTypeCommandElement.MementoBBTSy8c6>
        <d3p1:Key>ViewFlipVerticalOff</d3p1:Key>
        <d3p1:Value />
      </d3p1:KeyValueOfCommandTypeCommandElement.MementoBBTSy8c6>
      <d3p1:KeyValueOfCommandTypeCommandElement.MementoBBTSy8c6>
        <d3p1:Key>ViewReset</d3p1:Key>
        <d3p1:Value />
      </d3p1:KeyValueOfCommandTypeCommandElement.MementoBBTSy8c6>
      <d3p1:KeyValueOfCommandTypeCommandElement.MementoBBTSy8c6>
        <d3p1:Key>PrevPage</d3p1:Key>
        <d3p1:Value>
          <MouseGesture>R</MouseGesture>
          <ShortCutKey>Right,RightClick</ShortCutKey>
        </d3p1:Value>
      </d3p1:KeyValueOfCommandTypeCommandElement.MementoBBTSy8c6>
      <d3p1:KeyValueOfCommandTypeCommandElement.MementoBBTSy8c6>
        <d3p1:Key>NextPage</d3p1:Key>
        <d3p1:Value>
          <MouseGesture>L</MouseGesture>
          <ShortCutKey>Left,LeftClick</ShortCutKey>
        </d3p1:Value>
      </d3p1:KeyValueOfCommandTypeCommandElement.MementoBBTSy8c6>
      <d3p1:KeyValueOfCommandTypeCommandElement.MementoBBTSy8c6>
        <d3p1:Key>PrevOnePage</d3p1:Key>
        <d3p1:Value>
          <IsShowMessage>true</IsShowMessage>
          <MouseGesture>LR</MouseGesture>
          <ShortCutKey>Down</ShortCutKey>
        </d3p1:Value>
      </d3p1:KeyValueOfCommandTypeCommandElement.MementoBBTSy8c6>
      <d3p1:KeyValueOfCommandTypeCommandElement.MementoBBTSy8c6>
        <d3p1:Key>NextOnePage</d3p1:Key>
        <d3p1:Value>
          <IsShowMessage>true</IsShowMessage>
          <MouseGesture>RL</MouseGesture>
          <ShortCutKey>Up</ShortCutKey>
        </d3p1:Value>
      </d3p1:KeyValueOfCommandTypeCommandElement.MementoBBTSy8c6>
      <d3p1:KeyValueOfCommandTypeCommandElement.MementoBBTSy8c6>
        <d3p1:Key>PrevScrollPage</d3p1:Key>
        <d3p1:Value />
      </d3p1:KeyValueOfCommandTypeCommandElement.MementoBBTSy8c6>
      <d3p1:KeyValueOfCommandTypeCommandElement.MementoBBTSy8c6>
        <d3p1:Key>NextScrollPage</d3p1:Key>
        <d3p1:Value />
      </d3p1:KeyValueOfCommandTypeCommandElement.MementoBBTSy8c6>
      <d3p1:KeyValueOfCommandTypeCommandElement.MementoBBTSy8c6>
        <d3p1:Key>MovePageWithCursor</d3p1:Key>
        <d3p1:Value />
      </d3p1:KeyValueOfCommandTypeCommandElement.MementoBBTSy8c6>
      <d3p1:KeyValueOfCommandTypeCommandElement.MementoBBTSy8c6>
        <d3p1:Key>PrevSizePage</d3p1:Key>
        <d3p1:Value />
      </d3p1:KeyValueOfCommandTypeCommandElement.MementoBBTSy8c6>
      <d3p1:KeyValueOfCommandTypeCommandElement.MementoBBTSy8c6>
        <d3p1:Key>NextSizePage</d3p1:Key>
        <d3p1:Value />
      </d3p1:KeyValueOfCommandTypeCommandElement.MementoBBTSy8c6>
      <d3p1:KeyValueOfCommandTypeCommandElement.MementoBBTSy8c6>
        <d3p1:Key>FirstPage</d3p1:Key>
        <d3p1:Value>
          <IsShowMessage>true</IsShowMessage>
          <MouseGesture>UR</MouseGesture>
          <ShortCutKey>Ctrl+Right,Home</ShortCutKey>
        </d3p1:Value>
      </d3p1:KeyValueOfCommandTypeCommandElement.MementoBBTSy8c6>
      <d3p1:KeyValueOfCommandTypeCommandElement.MementoBBTSy8c6>
        <d3p1:Key>LastPage</d3p1:Key>
        <d3p1:Value>
          <IsShowMessage>true</IsShowMessage>
          <MouseGesture>UL</MouseGesture>
          <ShortCutKey>Ctrl+Left,End</ShortCutKey>
        </d3p1:Value>
      </d3p1:KeyValueOfCommandTypeCommandElement.MementoBBTSy8c6>
      <d3p1:KeyValueOfCommandTypeCommandElement.MementoBBTSy8c6>
        <d3p1:Key>PrevFolder</d3p1:Key>
        <d3p1:Value>
          <IsShowMessage>true</IsShowMessage>
          <MouseGesture>LU</MouseGesture>
          <ShortCutKey>Ctrl+Shift+Right</ShortCutKey>
        </d3p1:Value>
      </d3p1:KeyValueOfCommandTypeCommandElement.MementoBBTSy8c6>
      <d3p1:KeyValueOfCommandTypeCommandElement.MementoBBTSy8c6>
        <d3p1:Key>NextFolder</d3p1:Key>
        <d3p1:Value>
          <IsShowMessage>true</IsShowMessage>
          <MouseGesture>LD</MouseGesture>
          <ShortCutKey>Ctrl+Shift+Left</ShortCutKey>
        </d3p1:Value>
      </d3p1:KeyValueOfCommandTypeCommandElement.MementoBBTSy8c6>
      <d3p1:KeyValueOfCommandTypeCommandElement.MementoBBTSy8c6>
        <d3p1:Key>PrevHistory</d3p1:Key>
        <d3p1:Value>
          <ShortCutKey>Back</ShortCutKey>
        </d3p1:Value>
      </d3p1:KeyValueOfCommandTypeCommandElement.MementoBBTSy8c6>
      <d3p1:KeyValueOfCommandTypeCommandElement.MementoBBTSy8c6>
        <d3p1:Key>NextHistory</d3p1:Key>
        <d3p1:Value>
          <ShortCutKey>Shift+Back</ShortCutKey>
        </d3p1:Value>
      </d3p1:KeyValueOfCommandTypeCommandElement.MementoBBTSy8c6>
      <d3p1:KeyValueOfCommandTypeCommandElement.MementoBBTSy8c6>
        <d3p1:Key>ToggleFolderOrder</d3p1:Key>
        <d3p1:Value>
          <IsShowMessage>true</IsShowMessage>
        </d3p1:Value>
      </d3p1:KeyValueOfCommandTypeCommandElement.MementoBBTSy8c6>
      <d3p1:KeyValueOfCommandTypeCommandElement.MementoBBTSy8c6>
        <d3p1:Key>SetFolderOrderByFileName</d3p1:Key>
        <d3p1:Value>
          <IsShowMessage>true</IsShowMessage>
        </d3p1:Value>
      </d3p1:KeyValueOfCommandTypeCommandElement.MementoBBTSy8c6>
      <d3p1:KeyValueOfCommandTypeCommandElement.MementoBBTSy8c6>
        <d3p1:Key>SetFolderOrderByTimeStamp</d3p1:Key>
        <d3p1:Value>
          <IsShowMessage>true</IsShowMessage>
        </d3p1:Value>
      </d3p1:KeyValueOfCommandTypeCommandElement.MementoBBTSy8c6>
      <d3p1:KeyValueOfCommandTypeCommandElement.MementoBBTSy8c6>
        <d3p1:Key>SetFolderOrderByRandom</d3p1:Key>
        <d3p1:Value>
          <IsShowMessage>true</IsShowMessage>
        </d3p1:Value>
      </d3p1:KeyValueOfCommandTypeCommandElement.MementoBBTSy8c6>
      <d3p1:KeyValueOfCommandTypeCommandElement.MementoBBTSy8c6>
        <d3p1:Key>TogglePageMode</d3p1:Key>
        <d3p1:Value>
          <IsShowMessage>true</IsShowMessage>
        </d3p1:Value>
      </d3p1:KeyValueOfCommandTypeCommandElement.MementoBBTSy8c6>
      <d3p1:KeyValueOfCommandTypeCommandElement.MementoBBTSy8c6>
        <d3p1:Key>SetPageMode1</d3p1:Key>
        <d3p1:Value>
          <IsShowMessage>true</IsShowMessage>
          <MouseGesture>RU</MouseGesture>
          <ShortCutKey>Ctrl+1</ShortCutKey>
        </d3p1:Value>
      </d3p1:KeyValueOfCommandTypeCommandElement.MementoBBTSy8c6>
      <d3p1:KeyValueOfCommandTypeCommandElement.MementoBBTSy8c6>
        <d3p1:Key>SetPageMode2</d3p1:Key>
        <d3p1:Value>
          <IsShowMessage>true</IsShowMessage>
          <MouseGesture>RD</MouseGesture>
          <ShortCutKey>Ctrl+2</ShortCutKey>
        </d3p1:Value>
      </d3p1:KeyValueOfCommandTypeCommandElement.MementoBBTSy8c6>
      <d3p1:KeyValueOfCommandTypeCommandElement.MementoBBTSy8c6>
        <d3p1:Key>ToggleBookReadOrder</d3p1:Key>
        <d3p1:Value>
          <IsShowMessage>true</IsShowMessage>
        </d3p1:Value>
      </d3p1:KeyValueOfCommandTypeCommandElement.MementoBBTSy8c6>
      <d3p1:KeyValueOfCommandTypeCommandElement.MementoBBTSy8c6>
        <d3p1:Key>SetBookReadOrderRight</d3p1:Key>
        <d3p1:Value>
          <IsShowMessage>true</IsShowMessage>
        </d3p1:Value>
      </d3p1:KeyValueOfCommandTypeCommandElement.MementoBBTSy8c6>
      <d3p1:KeyValueOfCommandTypeCommandElement.MementoBBTSy8c6>
        <d3p1:Key>SetBookReadOrderLeft</d3p1:Key>
        <d3p1:Value>
          <IsShowMessage>true</IsShowMessage>
        </d3p1:Value>
      </d3p1:KeyValueOfCommandTypeCommandElement.MementoBBTSy8c6>
      <d3p1:KeyValueOfCommandTypeCommandElement.MementoBBTSy8c6>
        <d3p1:Key>ToggleIsSupportedDividePage</d3p1:Key>
        <d3p1:Value>
          <IsShowMessage>true</IsShowMessage>
        </d3p1:Value>
      </d3p1:KeyValueOfCommandTypeCommandElement.MementoBBTSy8c6>
      <d3p1:KeyValueOfCommandTypeCommandElement.MementoBBTSy8c6>
        <d3p1:Key>ToggleIsSupportedWidePage</d3p1:Key>
        <d3p1:Value>
          <IsShowMessage>true</IsShowMessage>
        </d3p1:Value>
      </d3p1:KeyValueOfCommandTypeCommandElement.MementoBBTSy8c6>
      <d3p1:KeyValueOfCommandTypeCommandElement.MementoBBTSy8c6>
        <d3p1:Key>ToggleIsSupportedSingleFirstPage</d3p1:Key>
        <d3p1:Value>
          <IsShowMessage>true</IsShowMessage>
        </d3p1:Value>
      </d3p1:KeyValueOfCommandTypeCommandElement.MementoBBTSy8c6>
      <d3p1:KeyValueOfCommandTypeCommandElement.MementoBBTSy8c6>
        <d3p1:Key>ToggleIsSupportedSingleLastPage</d3p1:Key>
        <d3p1:Value>
          <IsShowMessage>true</IsShowMessage>
        </d3p1:Value>
      </d3p1:KeyValueOfCommandTypeCommandElement.MementoBBTSy8c6>
      <d3p1:KeyValueOfCommandTypeCommandElement.MementoBBTSy8c6>
        <d3p1:Key>ToggleIsRecursiveFolder</d3p1:Key>
        <d3p1:Value>
          <IsShowMessage>true</IsShowMessage>
        </d3p1:Value>
      </d3p1:KeyValueOfCommandTypeCommandElement.MementoBBTSy8c6>
      <d3p1:KeyValueOfCommandTypeCommandElement.MementoBBTSy8c6>
        <d3p1:Key>ToggleSortMode</d3p1:Key>
        <d3p1:Value>
          <IsShowMessage>true</IsShowMessage>
        </d3p1:Value>
      </d3p1:KeyValueOfCommandTypeCommandElement.MementoBBTSy8c6>
      <d3p1:KeyValueOfCommandTypeCommandElement.MementoBBTSy8c6>
        <d3p1:Key>SetSortModeFileName</d3p1:Key>
        <d3p1:Value>
          <IsShowMessage>true</IsShowMessage>
        </d3p1:Value>
      </d3p1:KeyValueOfCommandTypeCommandElement.MementoBBTSy8c6>
      <d3p1:KeyValueOfCommandTypeCommandElement.MementoBBTSy8c6>
        <d3p1:Key>SetSortModeFileNameDescending</d3p1:Key>
        <d3p1:Value>
          <IsShowMessage>true</IsShowMessage>
        </d3p1:Value>
      </d3p1:KeyValueOfCommandTypeCommandElement.MementoBBTSy8c6>
      <d3p1:KeyValueOfCommandTypeCommandElement.MementoBBTSy8c6>
        <d3p1:Key>SetSortModeTimeStamp</d3p1:Key>
        <d3p1:Value>
          <IsShowMessage>true</IsShowMessage>
        </d3p1:Value>
      </d3p1:KeyValueOfCommandTypeCommandElement.MementoBBTSy8c6>
      <d3p1:KeyValueOfCommandTypeCommandElement.MementoBBTSy8c6>
        <d3p1:Key>SetSortModeTimeStampDescending</d3p1:Key>
        <d3p1:Value>
          <IsShowMessage>true</IsShowMessage>
        </d3p1:Value>
      </d3p1:KeyValueOfCommandTypeCommandElement.MementoBBTSy8c6>
      <d3p1:KeyValueOfCommandTypeCommandElement.MementoBBTSy8c6>
        <d3p1:Key>SetSortModeRandom</d3p1:Key>
        <d3p1:Value>
          <IsShowMessage>true</IsShowMessage>
        </d3p1:Value>
      </d3p1:KeyValueOfCommandTypeCommandElement.MementoBBTSy8c6>
      <d3p1:KeyValueOfCommandTypeCommandElement.MementoBBTSy8c6>
        <d3p1:Key>ToggleBookmark</d3p1:Key>
        <d3p1:Value>
          <IsShowMessage>true</IsShowMessage>
          <ShortCutKey>Ctrl+D</ShortCutKey>
        </d3p1:Value>
      </d3p1:KeyValueOfCommandTypeCommandElement.MementoBBTSy8c6>
      <d3p1:KeyValueOfCommandTypeCommandElement.MementoBBTSy8c6>
        <d3p1:Key>PrevBookmark</d3p1:Key>
        <d3p1:Value />
      </d3p1:KeyValueOfCommandTypeCommandElement.MementoBBTSy8c6>
      <d3p1:KeyValueOfCommandTypeCommandElement.MementoBBTSy8c6>
        <d3p1:Key>NextBookmark</d3p1:Key>
        <d3p1:Value />
      </d3p1:KeyValueOfCommandTypeCommandElement.MementoBBTSy8c6>
      <d3p1:KeyValueOfCommandTypeCommandElement.MementoBBTSy8c6>
        <d3p1:Key>TogglePagemark</d3p1:Key>
        <d3p1:Value>
          <IsShowMessage>true</IsShowMessage>
          <ShortCutKey>Ctrl+M</ShortCutKey>
        </d3p1:Value>
      </d3p1:KeyValueOfCommandTypeCommandElement.MementoBBTSy8c6>
      <d3p1:KeyValueOfCommandTypeCommandElement.MementoBBTSy8c6>
        <d3p1:Key>PrevPagemark</d3p1:Key>
        <d3p1:Value />
      </d3p1:KeyValueOfCommandTypeCommandElement.MementoBBTSy8c6>
      <d3p1:KeyValueOfCommandTypeCommandElement.MementoBBTSy8c6>
        <d3p1:Key>NextPagemark</d3p1:Key>
        <d3p1:Value />
      </d3p1:KeyValueOfCommandTypeCommandElement.MementoBBTSy8c6>
      <d3p1:KeyValueOfCommandTypeCommandElement.MementoBBTSy8c6>
        <d3p1:Key>PrevPagemarkInBook</d3p1:Key>
        <d3p1:Value />
      </d3p1:KeyValueOfCommandTypeCommandElement.MementoBBTSy8c6>
      <d3p1:KeyValueOfCommandTypeCommandElement.MementoBBTSy8c6>
        <d3p1:Key>NextPagemarkInBook</d3p1:Key>
        <d3p1:Value />
      </d3p1:KeyValueOfCommandTypeCommandElement.MementoBBTSy8c6>
      <d3p1:KeyValueOfCommandTypeCommandElement.MementoBBTSy8c6>
        <d3p1:Key>OpenSettingWindow</d3p1:Key>
        <d3p1:Value />
      </d3p1:KeyValueOfCommandTypeCommandElement.MementoBBTSy8c6>
      <d3p1:KeyValueOfCommandTypeCommandElement.MementoBBTSy8c6>
        <d3p1:Key>OpenSettingFilesFolder</d3p1:Key>
        <d3p1:Value />
      </d3p1:KeyValueOfCommandTypeCommandElement.MementoBBTSy8c6>
      <d3p1:KeyValueOfCommandTypeCommandElement.MementoBBTSy8c6>
        <d3p1:Key>OpenVersionWindow</d3p1:Key>
        <d3p1:Value />
      </d3p1:KeyValueOfCommandTypeCommandElement.MementoBBTSy8c6>
      <d3p1:KeyValueOfCommandTypeCommandElement.MementoBBTSy8c6>
        <d3p1:Key>CloseApplication</d3p1:Key>
        <d3p1:Value>
          <ShortCutKey>Alt+F4</ShortCutKey>
        </d3p1:Value>
      </d3p1:KeyValueOfCommandTypeCommandElement.MementoBBTSy8c6>
      <d3p1:KeyValueOfCommandTypeCommandElement.MementoBBTSy8c6>
        <d3p1:Key>HelpOnline</d3p1:Key>
        <d3p1:Value />
      </d3p1:KeyValueOfCommandTypeCommandElement.MementoBBTSy8c6>
      <d3p1:KeyValueOfCommandTypeCommandElement.MementoBBTSy8c6>
        <d3p1:Key>HelpCommandList</d3p1:Key>
        <d3p1:Value />
      </d3p1:KeyValueOfCommandTypeCommandElement.MementoBBTSy8c6>
      <d3p1:KeyValueOfCommandTypeCommandElement.MementoBBTSy8c6>
        <d3p1:Key>HelpMainMenu</d3p1:Key>
        <d3p1:Value />
      </d3p1:KeyValueOfCommandTypeCommandElement.MementoBBTSy8c6>
    </Elements>
  </CommandMememto>
  <DragActionMemento>
    <Elements xmlns:d3p1="http://schemas.microsoft.com/2003/10/Serialization/Arrays">
      <d3p1:KeyValueOfDragActionTypeDragAction.MementoBBTSy8c6>
        <d3p1:Key>Move</d3p1:Key>
        <d3p1:Value>
          <Key>LeftDrag</Key>
        </d3p1:Value>
      </d3p1:KeyValueOfDragActionTypeDragAction.MementoBBTSy8c6>
      <d3p1:KeyValueOfDragActionTypeDragAction.MementoBBTSy8c6>
        <d3p1:Key>MoveScale</d3p1:Key>
        <d3p1:Value>
          <Key i:nil="true" />
        </d3p1:Value>
      </d3p1:KeyValueOfDragActionTypeDragAction.MementoBBTSy8c6>
      <d3p1:KeyValueOfDragActionTypeDragAction.MementoBBTSy8c6>
        <d3p1:Key>Angle</d3p1:Key>
        <d3p1:Value>
          <Key>Shift+LeftDrag</Key>
        </d3p1:Value>
      </d3p1:KeyValueOfDragActionTypeDragAction.MementoBBTSy8c6>
      <d3p1:KeyValueOfDragActionTypeDragAction.MementoBBTSy8c6>
        <d3p1:Key>Scale</d3p1:Key>
        <d3p1:Value>
          <Key i:nil="true" />
        </d3p1:Value>
      </d3p1:KeyValueOfDragActionTypeDragAction.MementoBBTSy8c6>
      <d3p1:KeyValueOfDragActionTypeDragAction.MementoBBTSy8c6>
        <d3p1:Key>ScaleSlider</d3p1:Key>
        <d3p1:Value>
          <Key>Ctrl+LeftDrag</Key>
        </d3p1:Value>
      </d3p1:KeyValueOfDragActionTypeDragAction.MementoBBTSy8c6>
      <d3p1:KeyValueOfDragActionTypeDragAction.MementoBBTSy8c6>
        <d3p1:Key>FlipHorizontal</d3p1:Key>
        <d3p1:Value>
          <Key>Alt+LeftDrag</Key>
        </d3p1:Value>
      </d3p1:KeyValueOfDragActionTypeDragAction.MementoBBTSy8c6>
      <d3p1:KeyValueOfDragActionTypeDragAction.MementoBBTSy8c6>
        <d3p1:Key>FlipVertical</d3p1:Key>
        <d3p1:Value>
          <Key i:nil="true" />
        </d3p1:Value>
      </d3p1:KeyValueOfDragActionTypeDragAction.MementoBBTSy8c6>
      <d3p1:KeyValueOfDragActionTypeDragAction.MementoBBTSy8c6>
        <d3p1:Key>WindowMove</d3p1:Key>
        <d3p1:Value>
          <Key>MiddleDrag</Key>
        </d3p1:Value>
      </d3p1:KeyValueOfDragActionTypeDragAction.MementoBBTSy8c6>
    </Elements>
  </DragActionMemento>
</Setting>